id,name,picture,payment,status,station
1,Noble Pace,https://robohash.org/etdebitissit.jpg?size=50x50&set=set1,cash,in,217,
2,Annamaria Brandino,https://robohash.org/saepequoeius.png?size=50x50&set=set1,credit,in,214
3,Leoine Ladel,https://robohash.org/doloribusvoluptatemblanditiis.png?size=50x50&set=set1,credit,in,218
4,Olin Hufton,https://robohash.org/cupiditatedistinctiovoluptatibus.bmp?size=50x50&set=set1,credit,in,215
5,Anton Harkins,https://robohash.org/etofficiisrerum.png?size=50x50&set=set1,cash,missed,213
6,Gerhardt Kimbell,https://robohash.org/nonaccusamuset.jpg?size=50x50&set=set1,credit,in,216
7,Ludovika Stanier,https://robohash.org/quodetipsam.bmp?size=50x50&set=set1,cash,missed,216
8,Rochell Mathelin,https://robohash.org/quisapientenisi.bmp?size=50x50&set=set1,credit,in,220
9,Galina Kenealy,https://robohash.org/veroestsoluta.bmp?size=50x50&set=set1,credit,in,217
10,Gwennie Petyanin,https://robohash.org/quiaautemnam.jpg?size=50x50&set=set1,credit,in,218
11,Horatia Briddock,https://robohash.org/etdolorumconsequatur.bmp?size=50x50&set=set1,cash,missed,214
12,Monroe Kimmons,https://robohash.org/voluptatesnatusmolestias.png?size=50x50&set=set1,credit,in,215
13,Suellen Heers,https://robohash.org/temporenesciuntadipisci.bmp?size=50x50&set=set1,cash,missed,214
14,Ileane Wink,https://robohash.org/inventoretotamquia.png?size=50x50&set=set1,credit,in,215
15,Katy Sewley,https://robohash.org/accusamusdoloremnumquam.png?size=50x50&set=set1,credit,in,220
16,Nerty Picknett,https://robohash.org/etmaioressed.bmp?size=50x50&set=set1,cash,missed,217
17,Lovell Tomalin,https://robohash.org/itaqueistequia.jpg?size=50x50&set=set1,credit,in,218
18,Vitoria Thaine,https://robohash.org/doloribusdolorumaperiam.png?size=50x50&set=set1,credit,in,220
19,Locke Feehan,https://robohash.org/nequequosut.bmp?size=50x50&set=set1,credit,in,218
20,Manda Greedy,https://robohash.org/nequedolorumperferendis.bmp?size=50x50&set=set1,cash,missed,220
21,Bianka Ciciura,https://robohash.org/ipsaexcepturiquam.jpg?size=50x50&set=set1,cash,missed,214
22,Jock Claessens,https://robohash.org/perferendisvoluptasut.jpg?size=50x50&set=set1,credit,in,217
23,Padraic Meagh,https://robohash.org/etmaximequos.png?size=50x50&set=set1,cash,missed,218
24,Hy Kohter,https://robohash.org/sintporrotempore.jpg?size=50x50&set=set1,credit,in,222
25,Cindy Tomaskov,https://robohash.org/eavoluptatemerror.png?size=50x50&set=set1,credit,in,222
26,Janetta Rex,https://robohash.org/atqueautnumquam.bmp?size=50x50&set=set1,credit,in,215
27,Bear Retallick,https://robohash.org/expeditaquicum.png?size=50x50&set=set1,cash,missed,221
28,Daffi Blanchard,https://robohash.org/utnemoat.jpg?size=50x50&set=set1,cash,missed,217
29,Catlee Bibb,https://robohash.org/estnostrumvoluptates.bmp?size=50x50&set=set1,credit,in,215
30,Davis Dunton,https://robohash.org/nobisadipiscivero.png?size=50x50&set=set1,cash,missed,214
31,Emylee Monget,https://robohash.org/quitenetursunt.bmp?size=50x50&set=set1,cash,missed,221
32,Goldia Wadie,https://robohash.org/laboriosamofficiaomnis.png?size=50x50&set=set1,credit,in,218
33,Aviva Klimek,https://robohash.org/repellatquisut.bmp?size=50x50&set=set1,cash,missed,218
34,Ebonee McKeating,https://robohash.org/esseaperiamsunt.png?size=50x50&set=set1,credit,in,219
35,Cary Cullington,https://robohash.org/natusminusdoloribus.bmp?size=50x50&set=set1,cash,in,215
36,Ashly Beckitt,https://robohash.org/iureaid.png?size=50x50&set=set1,cash,in,219
37,Reinaldo Ratter,https://robohash.org/temporibusoptioquis.png?size=50x50&set=set1,credit,in,220
38,Debora Meeland,https://robohash.org/aliasautillo.jpg?size=50x50&set=set1,credit,in,220
39,Rosemonde Ros,https://robohash.org/molestiaeconsequaturipsa.bmp?size=50x50&set=set1,cash,in,215
40,Cordelia Klimentyev,https://robohash.org/estbeataerepudiandae.jpg?size=50x50&set=set1,credit,in,214
41,James Dunsmuir,https://robohash.org/abadipisciest.png?size=50x50&set=set1,cash,in,221
42,Virgie Wragge,https://robohash.org/errorsitoccaecati.bmp?size=50x50&set=set1,credit,in,222
43,Timmi Woolacott,https://robohash.org/sitomnisvoluptatum.bmp?size=50x50&set=set1,cash,in,221
44,Lilas Trusler,https://robohash.org/voluptatepraesentiumvoluptatem.jpg?size=50x50&set=set1,credit,in,219
45,Jule Risebarer,https://robohash.org/autemporrosimilique.jpg?size=50x50&set=set1,credit,in,221
46,Catlee Duffitt,https://robohash.org/eosatassumenda.png?size=50x50&set=set1,cash,in,220
47,Phillipe Santore,https://robohash.org/nonremdolorem.jpg?size=50x50&set=set1,credit,in,215
48,Meade Kettel,https://robohash.org/voluptasestullam.bmp?size=50x50&set=set1,credit,in,216
49,Roz Keelan,https://robohash.org/aliquametid.png?size=50x50&set=set1,cash,in,221
50,Robbie Lowden,https://robohash.org/doloribusporrovoluptatem.jpg?size=50x50&set=set1,cash,in,222
51,Vern Gritskov,https://robohash.org/voluptasperferendisquas.bmp?size=50x50&set=set1,cash,in,215
52,Lodovico Langston,https://robohash.org/molestiaehicvoluptatem.png?size=50x50&set=set1,cash,in,214
53,Somerset Ashley,https://robohash.org/dignissimoslaudantiumqui.jpg?size=50x50&set=set1,cash,in,217
54,Berty Yurkov,https://robohash.org/omnisporroodio.png?size=50x50&set=set1,cash,in,216
55,Had Attyeo,https://robohash.org/fugitquosquasi.png?size=50x50&set=set1,cash,in,213
56,Bonni Kern,https://robohash.org/eoseumad.bmp?size=50x50&set=set1,cash,in,221
57,Ronny Tregiddo,https://robohash.org/laudantiumdoloremipsam.jpg?size=50x50&set=set1,cash,in,222
58,Susannah Addy,https://robohash.org/rerumautconsequuntur.bmp?size=50x50&set=set1,credit,in,215
59,Walliw Fries,https://robohash.org/accusamusnesciuntmollitia.png?size=50x50&set=set1,cash,in,216
60,Ilka Shingfield,https://robohash.org/velsuntducimus.png?size=50x50&set=set1,cash,in,216
61,Mellisent Chesson,https://robohash.org/etoditmolestias.bmp?size=50x50&set=set1,credit,in,220
62,Gertrudis Luckham,https://robohash.org/quiexplicabomollitia.bmp?size=50x50&set=set1,cash,in,220
63,Gris Bastone,https://robohash.org/doloresutet.bmp?size=50x50&set=set1,credit,in,213
64,Papagena Rikkard,https://robohash.org/consequaturipsumsunt.bmp?size=50x50&set=set1,credit,in,220
65,Niel Gurnett,https://robohash.org/aspernaturvitaevel.bmp?size=50x50&set=set1,cash,in,220
66,Luciano Basden,https://robohash.org/inquidemillum.jpg?size=50x50&set=set1,credit,in,222
67,Boyd Symmers,https://robohash.org/magnamestsuscipit.png?size=50x50&set=set1,cash,in,213
68,Damon Willoughey,https://robohash.org/etveltempore.png?size=50x50&set=set1,credit,in,216
69,Ailina Jakobssen,https://robohash.org/etestipsum.bmp?size=50x50&set=set1,cash,in,219
70,Linnell Duplock,https://robohash.org/saepeveritatisnumquam.bmp?size=50x50&set=set1,credit,in,219
71,Eleen Ruslinge,https://robohash.org/autemdolorumnobis.jpg?size=50x50&set=set1,credit,in,213
72,Chic Navein,https://robohash.org/voluptasomnisut.jpg?size=50x50&set=set1,credit,in,213
73,Bill Tomasello,https://robohash.org/inidducimus.bmp?size=50x50&set=set1,cash,in,219
74,Giffy Zohrer,https://robohash.org/etseddignissimos.bmp?size=50x50&set=set1,credit,in,217
75,Talyah Kenneway,https://robohash.org/doloremqueteneturad.bmp?size=50x50&set=set1,cash,in,221
76,Ericka Ollin,https://robohash.org/iurequibusdamitaque.png?size=50x50&set=set1,cash,in,222
77,Lorry Mansuer,https://robohash.org/eumaperiamtotam.jpg?size=50x50&set=set1,cash,in,222
78,Rosamond Robertet,https://robohash.org/dolorematquepraesentium.bmp?size=50x50&set=set1,cash,in,215
79,Rosamund Aluard,https://robohash.org/quaeratsimiliqueomnis.bmp?size=50x50&set=set1,cash,in,219
80,Alane Gregr,https://robohash.org/sitdolorumdoloremque.png?size=50x50&set=set1,cash,in,215
